Transaction Date,Narration,Sender,Debit,Credit,Balance,Reference
01-Feb-2026,POS PURCHASE SETTLEMENT MONIEPOINT,,,"5,410.00","241,150.00",KR100619
01-Feb-2026,NIP TRF FROM ZAINAB YUSUF - PAYMENT FOR GOODS,Zainab Yusuf,,"10,180.00","251,330.00",KR100620
01-Feb-2026,NIP TRF FROM OBINNA IKE - PAYMENT FOR GOODS,Obinna Ike,,"11,260.00","262,590.00",KR100621
01-Feb-2026,POS PURCHASE SETTLEMENT MONIEPOINT,,,"15,550.00","278,140.00",KR100622
01-Feb-2026,SHOP RENT - LANDLORD,,"45,000.00",,"233,140.00",KR100623
01-Feb-2026,LAPO MFB LOAN REPAYMENT,,"38,500.00",,"194,640.00",KR100624
02-Feb-2026,NIP TRF FROM KUNLE AJAYI - PAYMENT FOR GOODS,Kunle Ajayi,,"5,250.00","199,890.00",KR100625
02-Feb-2026,NIP TRF FROM OBINNA IKE - PAYMENT FOR GOODS,Obinna Ike,,"3,510.00","203,400.00",KR100626
02-Feb-2026,NIP TRF FROM TUNDE BAKARE - PAYMENT FOR GOODS,Tunde Bakare,,"15,280.00","218,680.00",KR100627
02-Feb-2026,NIP TRF FROM FUNKE ALABI - PAYMENT FOR GOODS,Funke Alabi,,"8,490.00","227,170.00",KR100628
02-Feb-2026,POS PURCHASE SETTLEMENT MONIEPOINT,,,"9,570.00","236,740.00",KR100629
03-Feb-2026,NIP TRF FROM NGOZI EZE - PAYMENT FOR GOODS,Ngozi Eze,,"15,610.00","252,350.00",KR100630
03-Feb-2026,POS PURCHASE SETTLEMENT MONIEPOINT,,,"9,650.00","262,000.00",KR100631
03-Feb-2026,POS PURCHASE SETTLEMENT MONIEPOINT,,,"14,990.00","276,990.00",KR100632
03-Feb-2026,POS PURCHASE SETTLEMENT MONIEPOINT,,,"14,660.00","291,650.00",KR100633
03-Feb-2026,NIP TRF FROM FUNKE ALABI - PAYMENT FOR GOODS,Funke Alabi,,"10,590.00","302,240.00",KR100634
03-Feb-2026,POS PURCHASE SETTLEMENT MONIEPOINT,,,"7,850.00","310,090.00",KR100635
03-Feb-2026,TRF TO ALABA WHOLESALE SUPPLIER - RESTOCK,,"214,100.00",,"95,990.00",KR100636
04-Feb-2026,POS PURCHASE SETTLEMENT MONIEPOINT,,,"5,000.00","100,990.00",KR100637
04-Feb-2026,POS PURCHASE SETTLEMENT MONIEPOINT,,,"11,820.00","112,810.00",KR100638
04-Feb-2026,NIP TRF FROM HALIMA SANI - PAYMENT FOR GOODS,Halima Sani,,"3,030.00","115,840.00",KR100639
05-Feb-2026,POS PURCHASE SETTLEMENT MONIEPOINT,,,"9,830.00","125,670.00",KR100640
05-Feb-2026,POS PURCHASE SETTLEMENT MONIEPOINT,,,"15,490.00","141,160.00",KR100641
05-Feb-2026,NIP TRF FROM HALIMA SANI - PAYMENT FOR GOODS,Halima Sani,,"12,870.00","154,030.00",KR100642
05-Feb-2026,MTN AIRTIME/DATA BUNDLE,,"3,000.00",,"151,030.00",KR100643
05-Feb-2026,BOLT LOGISTICS DELIVERY,,"4,500.00",,"146,530.00",KR100644
06-Feb-2026,NIP TRF FROM KUNLE AJAYI - PAYMENT FOR GOODS,Kunle Ajayi,,"7,350.00","153,880.00",KR100645
06-Feb-2026,POS PURCHASE SETTLEMENT MONIEPOINT,,,"13,630.00","167,510.00",KR100646
06-Feb-2026,POS PURCHASE SETTLEMENT MONIEPOINT,,,"8,730.00","176,240.00",KR100647
06-Feb-2026,NIP TRF FROM TUNDE BAKARE - PAYMENT FOR GOODS,Tunde Bakare,,"10,470.00","186,710.00",KR100648
06-Feb-2026,POS PURCHASE SETTLEMENT MONIEPOINT,,,"7,560.00","194,270.00",KR100649
06-Feb-2026,TRF TO DANGOTE DISTRIBUTOR GOODS INVOICE,,"112,500.00",,"81,770.00",KR100650
07-Feb-2026,NIP TRF FROM BISI ADEYEMI - PAYMENT FOR GOODS,Bisi Adeyemi,,"16,630.00","98,400.00",KR100651
07-Feb-2026,POS PURCHASE SETTLEMENT MONIEPOINT,,,"7,200.00","105,600.00",KR100652
07-Feb-2026,NIP TRF FROM OBINNA IKE - PAYMENT FOR GOODS,Obinna Ike,,"6,740.00","112,340.00",KR100653
07-Feb-2026,NIP TRF FROM EMEKA NWOSU - PAYMENT FOR GOODS,Emeka Nwosu,,"3,640.00","115,980.00",KR100654
07-Feb-2026,NIP TRF FROM KUNLE AJAYI - PAYMENT FOR GOODS,Kunle Ajayi,,"12,930.00","128,910.00",KR100655
08-Feb-2026,POS PURCHASE SETTLEMENT MONIEPOINT,,,"6,760.00","135,670.00",KR100656
08-Feb-2026,NIP TRF FROM GRACE UDO - PAYMENT FOR GOODS,Grace Udo,,"5,140.00","140,810.00",KR100657
08-Feb-2026,POS PURCHASE SETTLEMENT MONIEPOINT,,,"13,570.00","154,380.00",KR100658
08-Feb-2026,POS PURCHASE SETTLEMENT MONIEPOINT,,,"9,690.00","164,070.00",KR100659
08-Feb-2026,POS PURCHASE SETTLEMENT MONIEPOINT,,,"7,860.00","171,930.00",KR100660
08-Feb-2026,NIP TRF FROM OBINNA IKE - PAYMENT FOR GOODS,Obinna Ike,,"12,220.00","184,150.00",KR100661
09-Feb-2026,NIP TRF FROM FUNKE ALABI - PAYMENT FOR GOODS,Funke Alabi,,"5,470.00","189,620.00",KR100662
09-Feb-2026,POS PURCHASE SETTLEMENT MONIEPOINT,,,"11,510.00","201,130.00",KR100663
09-Feb-2026,NIP TRF FROM EMEKA NWOSU - PAYMENT FOR GOODS,Emeka Nwosu,,"12,070.00","213,200.00",KR100664
10-Feb-2026,NIP TRF FROM HALIMA SANI - PAYMENT FOR GOODS,Halima Sani,,"15,730.00","228,930.00",KR100665
10-Feb-2026,POS PURCHASE SETTLEMENT MONIEPOINT,,,"15,120.00","244,050.00",KR100666
10-Feb-2026,NIP TRF FROM TUNDE BAKARE - PAYMENT FOR GOODS,Tunde Bakare,,"6,890.00","250,940.00",KR100667
10-Feb-2026,TRF TO ALABA WHOLESALE SUPPLIER - RESTOCK,,"155,600.00",,"95,340.00",KR100668
11-Feb-2026,POS PURCHASE SETTLEMENT MONIEPOINT,,,"7,020.00","102,360.00",KR100669
11-Feb-2026,NIP TRF FROM CHINEDU OKAFOR - PAYMENT FOR GOODS,Chinedu Okafor,,"11,750.00","114,110.00",KR100670
11-Feb-2026,POS PURCHASE SETTLEMENT MONIEPOINT,,,"9,640.00","123,750.00",KR100671
12-Feb-2026,POS PURCHASE SETTLEMENT MONIEPOINT,,,"13,680.00","137,430.00",KR100672
12-Feb-2026,POS PURCHASE SETTLEMENT MONIEPOINT,,,"12,540.00","149,970.00",KR100673
12-Feb-2026,NIP TRF FROM GRACE UDO - PAYMENT FOR GOODS,Grace Udo,,"3,340.00","153,310.00",KR100674
13-Feb-2026,POS PURCHASE SETTLEMENT MONIEPOINT,,,"9,320.00","162,630.00",KR100675
13-Feb-2026,NIP TRF FROM NGOZI EZE - PAYMENT FOR GOODS,Ngozi Eze,,"3,850.00","166,480.00",KR100676
13-Feb-2026,NIP TRF FROM EMEKA NWOSU - PAYMENT FOR GOODS,Emeka Nwosu,,"15,470.00","181,950.00",KR100677
13-Feb-2026,NIP TRF FROM BISI ADEYEMI - PAYMENT FOR GOODS,Bisi Adeyemi,,"2,430.00","184,380.00",KR100678
14-Feb-2026,POS PURCHASE SETTLEMENT MONIEPOINT,,,"5,550.00","189,930.00",KR100679
14-Feb-2026,POS PURCHASE SETTLEMENT MONIEPOINT,,,"9,270.00","199,200.00",KR100680
14-Feb-2026,POS PURCHASE SETTLEMENT MONIEPOINT,,,"10,690.00","209,890.00",KR100681
15-Feb-2026,NIP TRF FROM ZAINAB YUSUF - PAYMENT FOR GOODS,Zainab Yusuf,,"7,710.00","217,600.00",KR100682
15-Feb-2026,NIP TRF FROM BISI ADEYEMI - PAYMENT FOR GOODS,Bisi Adeyemi,,"14,880.00","232,480.00",KR100683
15-Feb-2026,NIP TRF FROM FUNKE ALABI - PAYMENT FOR GOODS,Funke Alabi,,"6,650.00","239,130.00",KR100684
15-Feb-2026,LASG LEVY - MARKET ASSOCIATION,,"2,500.00",,"236,630.00",KR100685
15-Feb-2026,SMS ALERT CHARGES,,120.00,,"236,510.00",KR100686
16-Feb-2026,NIP TRF FROM CHINEDU OKAFOR - PAYMENT FOR GOODS,Chinedu Okafor,,"12,160.00","248,670.00",KR100687
16-Feb-2026,POS PURCHASE SETTLEMENT MONIEPOINT,,,"12,850.00","261,520.00",KR100688
16-Feb-2026,NIP TRF FROM GRACE UDO - PAYMENT FOR GOODS,Grace Udo,,"2,580.00","264,100.00",KR100689
16-Feb-2026,POS PURCHASE SETTLEMENT MONIEPOINT,,,"3,530.00","267,630.00",KR100690
16-Feb-2026,POS PURCHASE SETTLEMENT MONIEPOINT,,,"13,030.00","280,660.00",KR100691
16-Feb-2026,POS PURCHASE SETTLEMENT MONIEPOINT,,,"14,960.00","295,620.00",KR100692
17-Feb-2026,NIP TRF FROM ZAINAB YUSUF - PAYMENT FOR GOODS,Zainab Yusuf,,"6,990.00","302,610.00",KR100693
17-Feb-2026,NIP TRF FROM MUSA BELLO - PAYMENT FOR GOODS,Musa Bello,,"8,780.00","311,390.00",KR100694
17-Feb-2026,POS PURCHASE SETTLEMENT MONIEPOINT,,,"16,500.00","327,890.00",KR100695
17-Feb-2026,TRF TO ALABA WHOLESALE SUPPLIER - RESTOCK,,"213,600.00",,"114,290.00",KR100696
18-Feb-2026,POS PURCHASE SETTLEMENT MONIEPOINT,,,"11,570.00","125,860.00",KR100697
18-Feb-2026,NIP TRF FROM TUNDE BAKARE - PAYMENT FOR GOODS,Tunde Bakare,,"8,000.00","133,860.00",KR100698
18-Feb-2026,NIP TRF FROM TUNDE BAKARE - PAYMENT FOR GOODS,Tunde Bakare,,"13,840.00","147,700.00",KR100699
18-Feb-2026,NIP TRF FROM OBINNA IKE - PAYMENT FOR GOODS,Obinna Ike,,"6,460.00","154,160.00",KR100700
19-Feb-2026,NIP TRF FROM CHINEDU OKAFOR - PAYMENT FOR GOODS,Chinedu Okafor,,"15,080.00","169,240.00",KR100701
19-Feb-2026,NIP TRF FROM TUNDE BAKARE - PAYMENT FOR GOODS,Tunde Bakare,,"14,520.00","183,760.00",KR100702
19-Feb-2026,NIP TRF FROM NGOZI EZE - PAYMENT FOR GOODS,Ngozi Eze,,"10,910.00","194,670.00",KR100703
19-Feb-2026,NIP TRF FROM GRACE UDO - PAYMENT FOR GOODS,Grace Udo,,"7,870.00","202,540.00",KR100704
19-Feb-2026,POS PURCHASE SETTLEMENT MONIEPOINT,,,"13,650.00","216,190.00",KR100705
20-Feb-2026,POS PURCHASE SETTLEMENT MONIEPOINT,,,"6,510.00","222,700.00",KR100706
20-Feb-2026,POS PURCHASE SETTLEMENT MONIEPOINT,,,"6,210.00","228,910.00",KR100707
20-Feb-2026,NIP TRF FROM CHINEDU OKAFOR - PAYMENT FOR GOODS,Chinedu Okafor,,"10,940.00","239,850.00",KR100708
20-Feb-2026,POS PURCHASE SETTLEMENT MONIEPOINT,,,"6,580.00","246,430.00",KR100709
20-Feb-2026,NIP TRF FROM MUSA BELLO - PAYMENT FOR GOODS,Musa Bello,,"15,390.00","261,820.00",KR100710
20-Feb-2026,NIP TRF FROM KUNLE AJAYI - PAYMENT FOR GOODS,Kunle Ajayi,,"6,370.00","268,190.00",KR100711
20-Feb-2026,MTN AIRTIME/DATA BUNDLE,,"3,000.00",,"265,190.00",KR100712
20-Feb-2026,BOLT LOGISTICS DELIVERY,,"8,600.00",,"256,590.00",KR100713
21-Feb-2026,POS PURCHASE SETTLEMENT MONIEPOINT,,,"10,180.00","266,770.00",KR100714
21-Feb-2026,POS PURCHASE SETTLEMENT MONIEPOINT,,,"9,450.00","276,220.00",KR100715
21-Feb-2026,NIP TRF FROM NGOZI EZE - PAYMENT FOR GOODS,Ngozi Eze,,"13,890.00","290,110.00",KR100716
21-Feb-2026,POS PURCHASE SETTLEMENT MONIEPOINT,,,"6,890.00","297,000.00",KR100717
21-Feb-2026,NIP TRF FROM TUNDE BAKARE - PAYMENT FOR GOODS,Tunde Bakare,,"8,150.00","305,150.00",KR100718
22-Feb-2026,POS PURCHASE SETTLEMENT MONIEPOINT,,,"13,940.00","319,090.00",KR100719
22-Feb-2026,NIP TRF FROM BISI ADEYEMI - PAYMENT FOR GOODS,Bisi Adeyemi,,"3,640.00","322,730.00",KR100720
22-Feb-2026,NIP TRF FROM TUNDE BAKARE - PAYMENT FOR GOODS,Tunde Bakare,,"5,770.00","328,500.00",KR100721
23-Feb-2026,NIP TRF FROM NGOZI EZE - PAYMENT FOR GOODS,Ngozi Eze,,"9,330.00","337,830.00",KR100722
23-Feb-2026,POS PURCHASE SETTLEMENT MONIEPOINT,,,"5,470.00","343,300.00",KR100723
23-Feb-2026,POS PURCHASE SETTLEMENT MONIEPOINT,,,"14,150.00","357,450.00",KR100724
23-Feb-2026,POS PURCHASE SETTLEMENT MONIEPOINT,,,"10,820.00","368,270.00",KR100725
23-Feb-2026,NIP TRF FROM NGOZI EZE - PAYMENT FOR GOODS,Ngozi Eze,,"13,770.00","382,040.00",KR100726
24-Feb-2026,POS PURCHASE SETTLEMENT MONIEPOINT,,,"15,860.00","397,900.00",KR100727
24-Feb-2026,POS PURCHASE SETTLEMENT MONIEPOINT,,,"15,040.00","412,940.00",KR100728
24-Feb-2026,POS PURCHASE SETTLEMENT MONIEPOINT,,,"9,140.00","422,080.00",KR100729
24-Feb-2026,TRF TO ALABA WHOLESALE SUPPLIER - RESTOCK,,"165,400.00",,"256,680.00",KR100730
25-Feb-2026,POS PURCHASE SETTLEMENT MONIEPOINT,,,"7,410.00","264,090.00",KR100731
25-Feb-2026,POS PURCHASE SETTLEMENT MONIEPOINT,,,"2,660.00","266,750.00",KR100732
25-Feb-2026,NIP TRF FROM FUNKE ALABI - PAYMENT FOR GOODS,Funke Alabi,,"16,850.00","283,600.00",KR100733
26-Feb-2026,NIP TRF FROM EMEKA NWOSU - PAYMENT FOR GOODS,Emeka Nwosu,,"6,190.00","289,790.00",KR100734
26-Feb-2026,POS PURCHASE SETTLEMENT MONIEPOINT,,,"3,780.00","293,570.00",KR100735
26-Feb-2026,NIP TRF FROM MUSA BELLO - PAYMENT FOR GOODS,Musa Bello,,"11,040.00","304,610.00",KR100736
26-Feb-2026,POS PURCHASE SETTLEMENT MONIEPOINT,,,"6,080.00","310,690.00",KR100737
27-Feb-2026,POS PURCHASE SETTLEMENT MONIEPOINT,,,"16,910.00","327,600.00",KR100738
27-Feb-2026,POS PURCHASE SETTLEMENT MONIEPOINT,,,"2,760.00","330,360.00",KR100739
27-Feb-2026,NIP TRF FROM FUNKE ALABI - PAYMENT FOR GOODS,Funke Alabi,,"7,770.00","338,130.00",KR100740
27-Feb-2026,NIP TRF FROM BISI ADEYEMI - PAYMENT FOR GOODS,Bisi Adeyemi,,"16,220.00","354,350.00",KR100741
28-Feb-2026,NIP TRF FROM BISI ADEYEMI - PAYMENT FOR GOODS,Bisi Adeyemi,,"15,850.00","370,200.00",KR100742
28-Feb-2026,NIP TRF FROM OBINNA IKE - PAYMENT FOR GOODS,Obinna Ike,,"6,120.00","376,320.00",KR100743
28-Feb-2026,NIP TRF FROM KUNLE AJAYI - PAYMENT FOR GOODS,Kunle Ajayi,,"3,670.00","379,990.00",KR100744
28-Feb-2026,POS PURCHASE SETTLEMENT MONIEPOINT,,,"8,110.00","388,100.00",KR100745
28-Feb-2026,NIP TRF FROM ZAINAB YUSUF - PAYMENT FOR GOODS,Zainab Yusuf,,"4,700.00","392,800.00",KR100746
28-Feb-2026,POS PURCHASE SETTLEMENT MONIEPOINT,,,"5,600.00","398,400.00",KR100747
28-Feb-2026,STAFF SALARY - SHOP ATTENDANT,,"55,000.00",,"343,400.00",KR100748
28-Feb-2026,IKEDC PREPAID ELECTRICITY,,"10,500.00",,"332,900.00",KR100749
28-Feb-2026,OPAY TRF TO 8031466171,,"34,800.00",,"298,100.00",KR100750
